{
  "train_loss": [
    [
      0,
      3.258588981628418
    ],
    [
      1,
      2.1831154425938926
    ],
    [
      2,
      2.060788732022047
    ],
    [
      3,
      1.8870851278305054
    ],
    [
      4,
      1.6849064176732844
    ],
    [
      5,
      1.3402639912522358
    ],
    [
      6,
      1.2949741625785827
    ],
    [
      7,
      1.1922168867154554
    ],
    [
      8,
      1.1451694454465593
    ],
    [
      9,
      1.1427796997807242
    ],
    [
      10,
      1.0407215325455916
    ],
    [
      11,
      1.187559195540168
    ],
    [
      12,
      1.157267349106925
    ],
    [
      13,
      1.0881805568933487
    ],
    [
      14,
      1.0872973515873863
    ],
    [
      15,
      1.031088285975986
    ],
    [
      16,
      0.9703630674630404
    ],
    [
      17,
      1.0502327554153674
    ],
    [
      18,
      0.9622425545345653
    ],
    [
      19,
      0.9801978528499603
    ]
  ],
  "val_loss": [
    [
      0,
      2.5220135688781737
    ],
    [
      1,
      2.0740102529525757
    ],
    [
      2,
      1.7959129095077515
    ],
    [
      3,
      1.56691871881485
    ],
    [
      4,
      1.3595644593238831
    ],
    [
      5,
      1.2520643591880798
    ],
    [
      6,
      1.1427536129951477
    ],
    [
      7,
      1.089127242565155
    ],
    [
      8,
      1.0526462972164154
    ],
    [
      9,
      1.0386201918125153
    ],
    [
      10,
      1.0026706993579864
    ],
    [
      11,
      0.9934927940368652
    ],
    [
      12,
      0.937807583808899
    ],
    [
      13,
      0.937746673822403
    ],
    [
      14,
      0.918605774641037
    ],
    [
      15,
      0.9085098385810852
    ],
    [
      16,
      0.8541723430156708
    ],
    [
      17,
      0.8431899189949036
    ],
    [
      18,
      0.8448311030864716
    ],
    [
      19,
      0.8326732635498046
    ]
  ],
  "precision": [
    [
      0,
      0.0033613445378151263
    ],
    [
      1,
      0.029216467463479414
    ],
    [
      2,
      0.14986853637160386
    ],
    [
      3,
      0.2749812171299775
    ],
    [
      4,
      0.35110844817255843
    ],
    [
      5,
      0.38114517061885483
    ],
    [
      6,
      0.3894952251023192
    ],
    [
      7,
      0.4171392564587272
    ],
    [
      8,
      0.42732376793512167
    ],
    [
      9,
      0.42305475504322765
    ],
    [
      10,
      0.436046511627907
    ],
    [
      11,
      0.42422596414991853
    ],
    [
      12,
      0.43930991990141716
    ],
    [
      13,
      0.43591160220994474
    ],
    [
      14,
      0.45465761875385563
    ],
    [
      15,
      0.48367459878251245
    ],
    [
      16,
      0.5
    ],
    [
      17,
      0.5151898734177215
    ],
    [
      18,
      0.4924958310172318
    ],
    [
      19,
      0.4925943621595795
    ]
  ],
  "recall": [
    [
      0,
      0.000836470096194061
    ],
    [
      1,
      0.009201171058134672
    ],
    [
      2,
      0.07151819322459223
    ],
    [
      3,
      0.15307402760351319
    ],
    [
      4,
      0.2450857381848599
    ],
    [
      5,
      0.27561689669594314
    ],
    [
      6,
      0.23881221246340442
    ],
    [
      7,
      0.27687160184023424
    ],
    [
      8,
      0.2864910079464659
    ],
    [
      9,
      0.3069845253032204
    ],
    [
      10,
      0.3136762860727729
    ],
    [
      11,
      0.32664157256378085
    ],
    [
      12,
      0.29820158929318274
    ],
    [
      13,
      0.3299874529485571
    ],
    [
      14,
      0.3082392304475115
    ],
    [
      15,
      0.36553743203680467
    ],
    [
      16,
      0.34044332915098285
    ],
    [
      17,
      0.34044332915098285
    ],
    [
      18,
      0.3705562526139691
    ],
    [
      19,
      0.43120033458803847
    ]
  ],
  "f1_score": [
    [
      0,
      0.0013395847287340924
    ],
    [
      1,
      0.013994910941475825
    ],
    [
      2,
      0.09682899207248018
    ],
    [
      3,
      0.19666845781837722
    ],
    [
      4,
      0.2886699507389163
    ],
    [
      5,
      0.31990291262135917
    ],
    [
      6,
      0.2960850401866736
    ],
    [
      7,
      0.33283056812468576
    ],
    [
      8,
      0.343014521782674
    ],
    [
      9,
      0.35579253514299564
    ],
    [
      10,
      0.36487472634395524
    ],
    [
      11,
      0.3690926275992439
    ],
    [
      12,
      0.35525660189337327
    ],
    [
      13,
      0.37562485122589856
    ],
    [
      14,
      0.36739780658025917
    ],
    [
      15,
      0.41638875655073837
    ],
    [
      16,
      0.4050758895247574
    ],
    [
      17,
      0.4099722991689751
    ],
    [
      18,
      0.42291169451073984
    ],
    [
      19,
      0.45985727029437995
    ]
  ]
}